<root>
<prof id="0" name="Abramovitch"/>
<prof id="1" name="Mitova"/>
<prof id="2" name="Mitov"/>
<prof id="3" name="Chorbadjiev"/>
<prof id="4" name="K.Ivanov"/>
<prof id="5" name="Kirov"/>
<prof id="6" name="G.Petrov"/>
<prof id="7" name="A.Frenski"/>
<prof id="8" name="Popov"/>
<prof id="9" name="Dqnkov"/>
<prof id="10" name="Taneva"/>
<prof id="11" name="Jordanoff"/>
<prof id="12" name="M.Mihajlova"/>
<prof id="13" name="K.S."/>
<prof id="14" name="S.Stefanova"/>
<prof id="15" name="V.Hinkov"/>


<course id="0" name="Maths"/>
<course id="1" name="BEL"/>
<course id="2" name="TP"/>
<course id="3" name="OOP"/>
<course id="4" name="OS"/>
<course id="5" name="PPS"/>
<course id="6" name="English"/>
<course id="7" name="History"/>
<course id="8" name="ICS"/>
<course id="9" name="Russian"/>
<course id="10" name="Architectures"/>
<course id="11" name="WEBD"/>
<course id="12" name="PE"/>
<course id="13" name="Logics"/>
<course id="14" name="Periferiq"/>
<course id="15" name="APE"/>
<course id="16" name="Analogova"/>

<room name="11" lab="false" capacity="30"/>
<room name="12" lab="false" capacity="30"/>
<room name="13" lab="false" capacity="30"/>
<room name="14" lab="false" capacity="30"/>
<room name="15" lab="false" capacity="30"/>
<room name="16" lab="false" capacity="30"/>
<room name="17" lab="false" capacity="30"/>

<room name="21" lab="false" capacity="30"/>
<room name="25" lab="true" capacity="30"/>
<room name="26" lab="true" capacity="30"/>
<room name="27" lab="false" capacity="30"/>

<room name="31" lab="true" capacity="30"/>
<room name="33" lab="true" capacity="30"/>
<room name="34" lab="true" capacity="30"/>
<room name="35" lab="true" capacity="30"/>
<room name="36" lab="true" capacity="30"/>
<room name="37" lab="true" capacity="30"/>

<room name="41" lab="false" capacity="30"/>
<room name="42" lab="false" capacity="30"/>
<room name="43" lab="false" capacity="30"/>
<room name="44" lab="false" capacity="30"/>
<room name="45" lab="false" capacity="30"/>
<room name="46" lab="false" capacity="30"/>
<room name="47" lab="false" capacity="30"/>

<room name="fize" lab="false" capacity="30"/>

<group id="0" name="11A" size="28"/>
<group id="1" name="11B" size="28"/>
<group id="2" name="11C" size="28"/>
<group id="3" name="11D" size="28"/>

<!-- 11A -->
<!-- Ponedelnik -->
<class course="4" professor="3" dur="1" group="0" requireslab="true"/>
<class course="4" professor="3" dur="1" group="0" requireslab="true"/>
<class course="2" professor="2" dur="1" group="0" requireslab="true"/>
<class course="2" professor="2" dur="1" group="0" requireslab="true"/>
<class course="0" professor="0" dur="1" group="0" requireslab="false"/>
<class course="1" professor="1" dur="1" group="0" requireslab="false"/>

<!-- fize -->
<class course="12" professor="12" dur="1" group="0" requireslab="false"/>
<class course="12" professor="12" dur="1" group="0" requireslab="false"/>
<class course="12" professor="12" dur="1" group="0" requireslab="false"/>

<!-- Wtornik -->
<class course="5" professor="4" dur="1" group="0" requireslab="true"/>
<class course="5" professor="4" dur="1" group="0" requireslab="true"/>
<class course="1" professor="1" dur="1" group="0" requireslab="false"/>
<class course="1" professor="1" dur="1" group="0" requireslab="false"/>
<class course="0" professor="0" dur="1" group="0" requireslab="false"/>
<class course="0" professor="0" dur="1" group="0" requireslab="false"/>
<class course="6" professor="5" dur="1" group="0" requireslab="false"/>

<!-- Srqda -->
<class course="3" professor="3" dur="1" group="0" requireslab="true"/>
<class course="13" professor="6" dur="1" group="0" requireslab="false"/>
<class course="3" professor="3" dur="1" group="0" requireslab="true"/>
<class course="3" professor="3" dur="1" group="0" requireslab="true"/>
<class course="6" professor="5" dur="1" group="0" requireslab="false"/>
<class course="6" professor="5" dur="1" group="0" requireslab="false"/>

<!-- Chetvurtuk -->
<class course="7" professor="7" dur="1" group="0" requireslab="false"/>
<class course="7" professor="7" dur="1" group="0" requireslab="false"/>
<class course="2" professor="2" dur="1" group="0" requireslab="true"/>
<class course="2" professor="2" dur="1" group="0" requireslab="true"/>
<class course="8" professor="8" dur="1" group="0" requireslab="false"/>
<class course="8" professor="8" dur="1" group="0" requireslab="false"/>

<!-- Petuk -->
<class course="9" professor="9" dur="1" group="0" requireslab="false"/>
<class course="9" professor="9" dur="1" group="0" requireslab="false"/>
<class course="10" professor="10" dur="1" group="0" requireslab="true"/>
<class course="10" professor="10" dur="1" group="0" requireslab="true"/>
<class course="11" professor="11" dur="1" group="0" requireslab="true"/>
<class course="11" professor="11" dur="1" group="0" requireslab="true"/>


<!-- 11b -->
<!-- Ponedelnik -->
<class course="4" professor="3" dur="1" group="1" requireslab="true"/>
<class course="4" professor="3" dur="1" group="1" requireslab="true"/>
<class course="2" professor="2" dur="1" group="1" requireslab="true"/>
<class course="2" professor="2" dur="1" group="1" requireslab="true"/>
<class course="0" professor="0" dur="1" group="1" requireslab="false"/>
<class course="1" professor="1" dur="1" group="1" requireslab="false"/>

<!-- fize -->
<class course="12" professor="12" dur="1" group="1" requireslab="false"/>
<class course="12" professor="12" dur="1" group="1" requireslab="false"/>
<class course="12" professor="12" dur="1" group="1" requireslab="false"/>

<!-- Wtornik -->
<class course="5" professor="4" dur="1" group="1" requireslab="true"/>
<class course="5" professor="4" dur="1" group="1" requireslab="true"/>
<class course="1" professor="1" dur="1" group="1" requireslab="false"/>
<class course="1" professor="1" dur="1" group="1" requireslab="false"/>
<class course="0" professor="0" dur="1" group="1" requireslab="false"/>
<class course="0" professor="0" dur="1" group="1" requireslab="false"/>
<class course="6" professor="5" dur="1" group="1" requireslab="false"/>

<!-- Srqda -->
<class course="3" professor="3" dur="1" group="1" requireslab="true"/>
<class course="13" professor="6" dur="1" group="1" requireslab="false"/>
<class course="3" professor="3" dur="1" group="1" requireslab="true"/>
<class course="3" professor="3" dur="1" group="1" requireslab="true"/>
<class course="6" professor="5" dur="1" group="1" requireslab="false"/>
<class course="6" professor="5" dur="1" group="1" requireslab="false"/>

<!-- Chetvurtuk -->
<class course="7" professor="7" dur="1" group="1" requireslab="false"/>
<class course="7" professor="7" dur="1" group="1" requireslab="false"/>
<class course="2" professor="2" dur="1" group="1" requireslab="true"/>
<class course="2" professor="2" dur="1" group="1" requireslab="true"/>
<class course="8" professor="8" dur="1" group="1" requireslab="false"/>
<class course="8" professor="8" dur="1" group="1" requireslab="false"/>

<!-- Petuk -->
<class course="9" professor="9" dur="1" group="1" requireslab="false"/>
<class course="9" professor="9" dur="1" group="1" requireslab="false"/>
<class course="10" professor="10" dur="1" group="1" requireslab="true"/>
<class course="10" professor="10" dur="1" group="1" requireslab="true"/>
<class course="11" professor="11" dur="1" group="1" requireslab="true"/>
<class course="11" professor="11" dur="1" group="1" requireslab="true"/>

<!-- 11v -->
<!-- ponedelnik -->
<class course="4" professor="3" dur="1" group="2" requireslab="true"/>
<class course="4" professor="3" dur="1" group="2" requireslab="true"/>
<class course="14" professor="13" dur="1" group="2" requireslab="true"/>
<class course="14" professor="13" dur="1" group="2" requireslab="true"/>
<class course="8" professor="8" dur="1" group="2" requireslab="false"/>
<class course="8" professor="8" dur="1" group="2" requireslab="false"/>
<class course="0" professor="0" dur="1" group="2" requireslab="false"/>
<class course="1" professor="1" dur="1" group="2" requireslab="false"/>

<!-- vtornik -->
<class course="1" professor="1" dur="1" group="2" requireslab="false"/>
<class course="1" professor="1" dur="1" group="2" requireslab="false"/>
<class course="0" professor="0" dur="1" group="2" requireslab="false"/>
<class course="0" professor="0" dur="1" group="2" requireslab="false"/>
<class course="6" professor="5" dur="1" group="2" requireslab="false"/>
<class course="15" professor="14" dur="1" group="2" requireslab="true"/>
<class course="15" professor="14" dur="1" group="2" requireslab="true"/>

<!-- srqda -->
<class course="6" professor="5" dur="1" group="2" requireslab="false"/>
<class course="6" professor="5" dur="1" group="2" requireslab="false"/>
<class course="10" professor="10" dur="1" group="2" requireslab="true"/>
<class course="10" professor="10" dur="1" group="2" requireslab="true"/>
<class course="13" professor="6" dur="1" group="2" requireslab="false"/>

<!-- fize -->
<class course="12" professor="12" dur="1" group="2" requireslab="false"/>
<class course="12" professor="12" dur="1" group="2" requireslab="false"/>
<class course="12" professor="12" dur="1" group="2" requireslab="false"/>

<!-- chetvurtuk -->
<class course="10" professor="10" dur="1" group="2" requireslab="true"/>
<class course="10" professor="10" dur="1" group="2" requireslab="true"/>
<class course="15" professor="14" dur="1" group="2" requireslab="true"/>
<class course="15" professor="14" dur="1" group="2" requireslab="true"/>
<class course="9" professor="9" dur="1" group="2" requireslab="false"/>
<class course="9" professor="9" dur="1" group="2" requireslab="false"/>

<!-- petuk -->
<class course="11" professor="11" dur="1" group="2" requireslab="true"/>
<class course="11" professor="11" dur="1" group="2" requireslab="true"/>
<class course="7" professor="7" dur="1" group="2" requireslab="false"/>
<class course="7" professor="7" dur="1" group="2" requireslab="false"/>
<class course="16" professor="15" dur="1" group="2" requireslab="false"/>
<class course="16" professor="15" dur="1" group="2" requireslab="false"/>

<!-- 11g -->
<!-- ponedelnik -->

<!-- vtornik -->

<!-- srqda -->

<!-- chetvurtuk -->

<!-- petuk -->


</root>